Project,Key,Summary,Issue Type,Status,Assignee,Fix Version/s,Epic Link,Parent,Start Date,Due Date,Story Points,Planned,Depends On,Blocks
OAK,OAK-100,Oak Street townhomes site prep,Epic,In Progress,Site Lead,OAK R1 Site Prep,,OAK-100,2026-05-04,2026-06-28,13,true,,OAK-200
OAK,OAK-101,Survey lot boundaries,Story,Done,Surveyor,OAK R1 Site Prep,OAK-100,,2026-05-04,2026-05-10,3,true,,
OAK,OAK-102,Clear brush and debris,Story,Done,Excavation Crew,OAK R1 Site Prep,OAK-100,,2026-05-11,2026-05-22,3,true,OAK-101,
OAK,OAK-103,Install erosion controls,Story,In Progress,Site Lead,OAK R1 Site Prep,OAK-100,,2026-05-23,2026-06-05,3,true,OAK-102,
OAK,OAK-104,Grade building pads,Story,To Do,Excavation Crew,OAK R1 Site Prep,OAK-100,,2026-06-06,2026-06-28,4,true,OAK-103,OAK-200
OAK,OAK-200,Oak Street foundations,Epic,To Do,Concrete Lead,OAK R2 Foundations,,OAK-200,2026-06-18,2026-08-20,21,true,OAK-100,OAK-300
OAK,OAK-201,Trench footings,Story,To Do,Concrete Lead,OAK R2 Foundations,OAK-200,,2026-06-18,2026-07-02,5,true,OAK-104,
OAK,OAK-202,Set forms and rebar,Story,To Do,Concrete Crew,OAK R2 Foundations,OAK-200,,2026-07-03,2026-07-20,8,true,OAK-201,
OAK,OAK-203,Pour foundations,Story,To Do,Concrete Crew,OAK R2 Foundations,OAK-200,,2026-07-21,2026-08-05,5,true,OAK-202,
OAK,OAK-204,Foundation inspection,Story,To Do,Inspector,OAK R2 Foundations,OAK-200,,2026-08-06,2026-08-20,3,true,OAK-203,OAK-300
OAK,OAK-300,Oak Street framing,Epic,To Do,Framing Lead,OAK R3 Framing,,OAK-300,2026-08-05,2026-10-10,18,true,OAK-200,
OAK,OAK-301,Deliver lumber package,Story,To Do,Supplier,OAK R3 Framing,OAK-300,,2026-08-05,2026-08-15,3,true,OAK-204,
OAK,OAK-302,Frame first floor,Story,To Do,Framing Crew,OAK R3 Framing,OAK-300,,2026-08-16,2026-09-10,8,true,OAK-301,
OAK,OAK-303,Frame second floor and roof,Story,To Do,Framing Crew,OAK R3 Framing,OAK-300,,2026-09-11,2026-10-10,7,true,OAK-302,
MAP,MAP-100,Maple Avenue remodel design,Epic,In Progress,Project Manager,MAP R1 Design & Permits,,MAP-100,2026-05-12,2026-07-08,13,true,,MAP-200
MAP,MAP-101,Finalize kitchen layout,Story,Done,Designer,MAP R1 Design & Permits,MAP-100,,2026-05-12,2026-05-24,3,true,,
MAP,MAP-102,Select finish package,Story,In Progress,Owner,MAP R1 Design & Permits,MAP-100,,2026-05-25,2026-06-08,3,true,MAP-101,
MAP,MAP-103,Submit permit drawings,Story,To Do,Architect,MAP R1 Design & Permits,MAP-100,,2026-06-09,2026-06-24,5,true,MAP-102,
MAP,MAP-104,Receive permit approval,Story,To Do,City,MAP R1 Design & Permits,MAP-100,,2026-06-25,2026-07-08,2,true,MAP-103,MAP-200
MAP,MAP-200,Maple Avenue interior rough-in,Epic,To Do,Superintendent,MAP R2 Rough-In,,MAP-200,2026-07-01,2026-09-05,21,true,MAP-100,MAP-300
MAP,MAP-201,Demolish existing kitchen,Story,To Do,Demo Crew,MAP R2 Rough-In,MAP-200,,2026-07-01,2026-07-15,5,true,MAP-104,
MAP,MAP-202,Electrical rough-in,Story,To Do,Electrician,MAP R2 Rough-In,MAP-200,,2026-07-16,2026-08-05,8,true,MAP-201,
MAP,MAP-203,Plumbing rough-in,Story,To Do,Plumber,MAP R2 Rough-In,MAP-200,,2026-08-06,2026-08-25,5,true,MAP-201,
MAP,MAP-204,Rough-in inspection,Story,To Do,Inspector,MAP R2 Rough-In,MAP-200,,2026-08-26,2026-09-05,3,true,"MAP-202; MAP-203",MAP-300
MAP,MAP-300,Maple Avenue finishes,Epic,To Do,Finish Lead,MAP R3 Finishes,,MAP-300,2026-08-28,2026-10-25,18,true,MAP-200,
MAP,MAP-301,Install cabinets,Story,To Do,Carpenter,MAP R3 Finishes,MAP-300,,2026-08-28,2026-09-18,8,true,MAP-204,
MAP,MAP-302,Install counters and tile,Story,To Do,Tile Crew,MAP R3 Finishes,MAP-300,,2026-09-19,2026-10-10,5,true,MAP-301,
MAP,MAP-303,Final paint and punch list,Story,To Do,Finish Crew,MAP R3 Finishes,MAP-300,,2026-10-11,2026-10-25,5,true,MAP-302,
PINE,PINE-100,Pine Ridge community center shell,Epic,In Progress,Project Executive,PINE R1 Shell,,PINE-100,2026-05-01,2026-08-15,34,true,,PINE-200
PINE,PINE-101,Complete steel procurement,Story,Done,Procurement Lead,PINE R1 Shell,PINE-100,,2026-05-01,2026-05-20,8,true,,
PINE,PINE-102,Erect structural steel,Story,In Progress,Steel Crew,PINE R1 Shell,PINE-100,,2026-05-21,2026-06-30,13,true,PINE-101,
PINE,PINE-103,Install roof decking,Story,To Do,Roofing Crew,PINE R1 Shell,PINE-100,,2026-07-01,2026-07-25,8,true,PINE-102,
PINE,PINE-104,Dry-in inspection,Story,To Do,Inspector,PINE R1 Shell,PINE-100,,2026-07-26,2026-08-15,5,true,PINE-103,PINE-200
PINE,PINE-200,Pine Ridge MEP buildout,Epic,To Do,MEP Manager,PINE R2 MEP Buildout,,PINE-200,2026-08-01,2026-11-10,34,true,PINE-100,
PINE,PINE-201,Install HVAC mains,Story,To Do,HVAC Crew,PINE R2 MEP Buildout,PINE-200,,2026-08-01,2026-08-28,8,true,PINE-104,
PINE,PINE-202,Install electrical distribution,Story,To Do,Electrical Crew,PINE R2 MEP Buildout,PINE-200,,2026-08-20,2026-09-25,13,true,PINE-104,
PINE,PINE-203,Install plumbing mains,Story,To Do,Plumbing Crew,PINE R2 MEP Buildout,PINE-200,,2026-09-10,2026-10-15,8,true,PINE-104,
PINE,PINE-204,MEP inspection package,Story,To Do,MEP Manager,PINE R2 MEP Buildout,PINE-200,,2026-10-16,2026-11-10,5,true,"PINE-201; PINE-202; PINE-203",
